SKU,Name
AA104,Tshirt Drifit Unisex
AA154,Polo Shirt Drifit Unisex
AL061,Polo Shirt W/ Lining Mens Combi
AL071,Polo Shirt Mens
AL072,Polo Shirt Ladies
AL074,Polo Shirt Unisex Green
AL113,Tshirt R/N Kids
AL114,Tshirt R/N Unisex
AL174,Polo Shirt W/ Pocket Unisex
AP134,Arm Sleeves Unisex
AR041,Long Sleeves Rn W/ Reflector Mens
AR061,Polo Shirt W/ Lining Mens Combi
AR062,Polo Shirt W/ Lining Ladies Combi
AR071,Polo Shirt Mens Combi
AR072,Polo Shirt Ladies Combi
AR073,Polo Shirt Kids Combi
AR111,Tshirt R/N Mens Combi
AR113,Tshirt R/N Kids Combi
AR161,Polo Shirt Long Sleeve Mens Combi
AR171,Polo Shirt W/ Pocket Mens Combi
AR201,Polo Shirt Long Sleeve W/ Pocket Mens Gray
AZ061,Polo Shirt W/ Lining Mens Combi
AZ071,Polo Shirt Mens
AZ072,Polo Shirt Ladies
AZ073,Polo Shirt Kids
AZ082,Sando Ladies
AZ084,Sando Unisex
AZ113,Tshirt R/N Kids
AZ114,Tshirt R/N Unisex
AZ124,Tshirt V/N Unisex
CL034,Long Sleeves Rn Unisex
CL044,Long Sleeves Rn W/ Reflector Unisex
CL113,Tshirt R/N Kids
DG024,Long Sleeves Drifit Unisex
DG034,Long Sleeves Rn Unisex
DG044,Long Sleeves Rn W/ Reflector Unisex
DG054,Muscles Sleeves Unisex
DG104,Tshirt Drifit Unisex
DG114,Tshirt R/N Unisex
DG154,Polo Shirt Drifit Unisex
DG184,Long Sleeves Rn W/ Reflector Jumper Unisex
EC114,Tshirt R/N Unisex
EI024,Long Sleeves Drifit Unisex
EI103,Tshirt Drifit Kids
EI104,Tshirt Drifit Unisex
GS111,Tshirt R/N Mens
GS113,Tshirt R/N Kids
HO034,Long Sleeves Rn Unisex
HO081,Sando Mens
IG034,Long Sleeves Rn Unisex Combi
JU034,Long Sleeves Rn Unisex
JU044,Long Sleeves Rn W/ Reflector Unisex
JU054,Muscles Sleeves Unisex
JU114,Tshirt R/N Unisex
JU184,Long Sleeves Rn W/ Reflector Jumper Unisex
JU194,Tshirt W/ Reflector Unisex
KG034,Long Sleeves Rn Unisex
KG044,Long Sleeves Rn W/ Reflector Unisex
KG054,Muscles Sleeves Unisex
KG114,Tshirt R/N Unisex
KG184,Long Sleeves Rn W/ Reflector Jumper Unisex Gray
KG194,Tshirt W/ Reflector Unisex
KG214,Long Sleeve W/ Reflector W/Hood Unisex
KN014,Jacket Unisex
KN034,Long Sleeves Rn Unisex
KN044,Long Sleeves Rn W/ Reflector Unisex
KN054,Muscles Sleeves Unisex
KN061,Polo Shirt W/ Lining Mens Combi
KN062,Polo Shirt W/ Lining Ladies Combi
KN071,Polo Shirt Mens
KN072,Polo Shirt Ladies
KN074,Polo Shirt Unisex
KN083,Sando Kids
KN084,Sando Unisex
KN104,Tshirt Drifit Unisex
KN113,Tshirt R/N Kids
KN114,Tshirt R/N Unisex Gray
LJK074,Polo Shirt Unisex
LJK081,Sando Mens
LJK084,Sando Unisex
LJK114,Tshirt R/N Unisex
PC034,Long Sleeves Rn Unisex Green
PC044,Long Sleeves Rn W/ Reflector Unisex
PC111,Tshirt R/N Mens Combi
PC113,Tshirt R/N Kids Combi
PC114,Tshirt R/N Unisex Combi
PC184,Long Sleeves Rn W/ Reflector Jumper Unisex Green
SM031,Long Sleeves Rn Mens Green
SM041,Long Sleeves Rn W/ Reflector Mens Green
SM061,Polo Shirt W/ Lining Mens Combi
SM062,Polo Shirt W/ Lining Ladies Combi
SM071,Polo Shirt Mens
SM072,Polo Shirt Ladies
SM073,Polo Shirt Kids
SM111,Tshirt R/N Mens
SM113,Tshirt R/N Kids
SM121,Tshirt V/N Mens
SM161,Polo Shirt Long Sleeve Mens
SM171,Polo Shirt W/ Pocket Mens Combi
SM191,Tshirt W/ Reflector Mens Green
SM201,Polo Shirt Long Sleeve W/ Pocket Mens
TU154,Polo Shirt Drifit Unisex Combi
YB144,Raincoat Unisex
